Layer,Name,GEOID,Population,Longitude,Latitude,LDPC_2021,LDPC_2021_moe,LDPC_2020,LDPC_2020_moe,LDPC_2019,LDPC_2019_moe,LDPC_2018,LDPC_2018_moe,LDPC_2017,LDPC_2017_moe,LDPCH_2016,LDPCH_2016_moe,LDPCH_2015,LDPCH_2015_moe,LDPCH_2014,LDPCH_2014_moe,LDPCH_2013,LDPCH_2013_moe,LDPCH_2012,LDPCH_2012_moe,LDPCH_2011,LDPCH_2011_moe,LDPCH_2010,LDPCH_2010_moe,LDPP_2021,LDPP_2021_moe,LDPP_2020,LDPP_2020_moe,LDPP_2019,LDPP_2019_moe,LDPP_2018,LDPP_2018_moe,LDPP_2017,LDPP_2017_moe,LDPPH_2016,LDPPH_2016_moe,LDPPH_2015,LDPPH_2015_moe,LDPPH_2014,LDPPH_2014_moe,LDPPH_2013,LDPPH_2013_moe,LDPPH_2012,LDPPH_2012_moe,LDPPH_2011,LDPPH_2011_moe,LDPPH_2010,LDPPH_2010_moe,EDG-I_2017-2021,EDG-I_2017-2021_moe,EDG-I_2016-2020,EDG-I_2016-2020_moe,EDG-I_2014-2018,EDG-I_2014-2018_moe,EDG-I_2015-2019,EDG-I_2015-2019_moe,DIV_2017-2021,DIV_2017-2021_moe,DIV_2016-2020,DIV_2016-2020_moe,DIV_2015-2019,DIV_2015-2019_moe,DIV_2014-2018,DIV_2014-2018_moe
Community area,Rogers Park,1,"52,772",-87.67017100,42.00963000,30,,26,,37,,37,,37,,9,,6,,12,,13,,18,,8,,10,,3.1,0.9,2.6,0.8,2.9,0.8,2.9,0.8,3.0,0.8,0.7,0.4,0.5,0.3,0.8,0.4,0.9,0.4,1.2,0.5,0.6,0.3,0.6,0.3,50.23,22.65,44.28,18.92,55.42,12.79,49.38,12.50,4.53,1.06,5.31,1.16,5.02,0.93,4.70,0.84
Community area,Norwood Park,10,"41,109",-87.80345100,41.98524800,1,,2,,1,,0,,6,,1,,1,,1,,0,,0,,0,,2,,0.2,0.4,0.5,0.6,0.2,0.3,0.0,,0.8,0.5,0.3,0.5,0.3,0.5,0.3,0.4,0.0,,0.0,,0.0,,0.5,0.6,50.38,28.08,59.41,23.41,56.61,15.20,54.75,16.43,2.82,0.90,3.06,0.84,3.34,0.94,3.48,0.93
Community area,Jefferson Park,11,"26,201",-87.77116500,41.97883600,1,,5,,9,,7,,7,,1,,2,,1,,1,,1,,0,,0,,0.3,0.5,1.4,1.0,2.1,1.1,1.7,1.0,1.9,1.1,0.3,0.4,0.5,0.6,0.3,0.5,0.2,0.4,0.3,0.4,0.0,,0.0,,64.47,29.58,57.36,31.78,61.79,17.89,62.46,27.00,4.16,1.39,3.08,1.20,2.90,0.81,2.71,0.76
Community area,Forest Glen,12,"19,579",-87.75835800,41.99393800,2,,3,,0,,0,,0,,0,,0,,1,,1,,0,,0,,1,,0.7,0.8,1.0,0.9,0.0,,0.0,,0.0,,0.0,,0.0,,0.4,0.7,0.4,0.7,0.0,,0.0,,0.4,0.6,59.87,18.77,76.06,16.47,72.51,13.47,76.01,16.10,2.35,1.02,2.33,1.08,2.70,1.11,2.77,1.03
Community area,North Park,13,"17,522",-87.72357800,41.98365100,7,,5,,5,,6,,7,,3,,3,,5,,4,,4,,2,,1,,2.0,1.3,1.5,1.1,1.1,0.8,1.5,1.0,1.9,1.2,0.8,0.7,0.8,0.8,1.4,1.0,1.1,0.9,1.2,1.0,0.5,0.6,0.3,0.5,56.49,24.51,40.80,23.16,37.88,17.59,41.51,14.37,4.09,1.23,4.51,1.31,3.94,1.13,3.60,1.31
Community area,Albany Park,14,"48,549",-87.72155800,41.96807800,20,,24,,35,,29,,29,,12,,13,,11,,14,,16,,25,,13,,1.7,0.6,2.2,0.7,2.5,0.7,2.0,0.6,2.0,0.6,0.8,0.4,0.8,0.4,0.7,0.3,0.9,0.4,1.0,0.4,1.4,0.5,0.8,0.4,66.61,37.88,50.33,28.11,50.58,11.46,43.28,12.14,3.98,0.96,3.38,0.83,3.69,1.01,3.15,0.86
Community area,Portage Park,15,"63,038",-87.76340100,41.95404300,12,,13,,16,,23,,20,,4,,9,,4,,8,,4,,7,,13,,1.0,0.5,1.1,0.5,1.1,0.5,1.6,0.6,1.4,0.5,0.3,0.2,0.7,0.4,0.3,0.2,0.6,0.3,0.3,0.2,0.5,0.3,0.9,0.4,45.39,13.98,50.43,29.56,67.44,15.14,56.81,14.09,3.23,0.74,3.31,0.76,2.78,0.56,2.88,0.57
Community area,Irving Park,16,"51,911",-87.72345700,41.95358900,13,,13,,17,,19,,13,,3,,5,,7,,7,,13,,9,,18,,1.4,0.6,1.3,0.6,1.5,0.6,1.6,0.6,1.1,0.5,0.3,0.2,0.4,0.3,0.5,0.3,0.5,0.3,0.9,0.4,0.6,0.3,1.3,0.5,63.28,18.98,69.06,20.12,64.78,12.27,69.44,19.91,2.79,0.56,2.55,0.56,2.67,0.62,2.81,0.62
Community area,Dunning,17,"43,120",-87.80601500,41.94652200,3,,5,,5,,3,,4,,2,,2,,1,,1,,0,,1,,2,,0.5,0.5,0.9,0.7,0.8,0.6,0.4,0.4,0.6,0.5,0.3,0.4,0.3,0.4,0.2,0.3,0.1,0.2,0.0,,0.2,0.2,0.3,0.4,39.89,19.18,49.01,23.63,50.05,13.90,47.84,12.53,3.19,0.95,3.65,0.99,3.58,0.82,2.93,0.69
Community area,Montclare,18,"14,412",-87.79803300,41.92930600,1,,1,,2,,4,,0,,0,,0,,0,,1,,4,,4,,3,,0.4,0.6,0.4,0.7,0.6,0.7,1.3,1.1,0.0,,0.0,,0.0,,0.0,,0.3,0.5,1.2,1.0,1.2,1.0,0.8,0.7,42.82,36.99,45.70,36.45,37.26,32.50,42.41,40.06,3.55,2.28,4.00,2.09,3.42,1.85,3.45,1.57
Community area,Belmont Cragin,19,"78,151",-87.76550200,41.92727500,32,,32,,42,,46,,58,,18,,12,,19,,22,,24,,27,,35,,1.5,0.4,1.6,0.5,1.4,0.4,1.7,0.4,2.1,0.4,0.7,0.3,0.4,0.2,0.6,0.2,0.7,0.3,0.8,0.3,0.8,0.3,1.1,0.3,42.99,11.22,44.63,11.20,50.59,9.90,47.13,10.16,3.68,0.73,3.53,0.69,3.36,0.64,2.97,0.54
Community area,West Ridge,2,"77,139",-87.69501700,42.00158300,47,,51,,82,,71,,67,,13,,15,,21,,24,,24,,22,,25,,2.3,0.5,2.4,0.6,3.4,0.6,3.2,0.6,3.1,0.6,0.7,0.3,0.8,0.3,1.1,0.4,1.2,0.4,1.2,0.4,1.1,0.4,1.3,0.4,55.19,13.00,58.21,13.02,53.66,12.90,50.74,9.89,3.87,0.82,3.75,0.87,3.70,0.79,3.90,0.82
Community area,Hermosa,20,"24,127",-87.73474100,41.92435300,19,,18,,23,,22,,24,,6,,7,,10,,4,,8,,7,,10,,2.6,1.0,2.7,1.0,2.5,0.8,2.4,0.8,2.6,0.9,0.7,0.5,0.7,0.4,1.0,0.5,0.4,0.3,0.8,0.4,0.7,0.4,1.0,0.5,35.44,22.01,34.05,22.51,33.81,19.21,37.10,22.35,5.33,1.50,4.55,1.43,4.63,1.39,4.80,1.30
Community area,Avondale,21,"36,245",-87.71121900,41.93867300,11,,15,,8,,10,,24,,6,,9,,3,,8,,6,,11,,12,,1.5,0.7,1.9,0.8,0.9,0.5,1.0,0.5,2.3,0.8,0.6,0.4,0.8,0.4,0.3,0.3,0.7,0.4,0.5,0.3,0.8,0.4,1.0,0.4,32.03,15.43,34.41,18.04,49.05,14.54,49.62,25.82,3.35,0.91,2.73,0.77,2.46,0.70,2.16,0.61
Community area,Logan Square,22,"71,742",-87.69914900,41.92276800,18,,17,,17,,19,,31,,9,,13,,11,,9,,16,,23,,23,,1.4,0.6,1.2,0.5,1.0,0.4,1.3,0.5,1.9,0.6,0.6,0.3,0.7,0.3,0.6,0.3,0.5,0.3,0.8,0.3,1.1,0.4,1.1,0.4,60.36,21.77,61.35,17.31,67.00,13.43,67.72,13.40,2.69,0.53,2.19,0.42,2.09,0.41,2.14,0.41
Community area,Humboldt Park,23,"53,832",-87.72091700,41.90008000,43,,46,,58,,71,,93,,15,,27,,22,,25,,40,,39,,38,,2.5,0.6,2.9,0.7,2.7,0.6,3.2,0.6,4.2,0.7,0.7,0.3,1.1,0.4,0.9,0.3,1.1,0.4,1.7,0.4,1.5,0.4,1.5,0.4,33.58,19.89,37.13,22.10,54.74,14.63,47.28,13.14,5.14,1.10,4.45,1.01,4.61,1.12,4.61,1.05
Community area,West Town,24,"87,942",-87.67635800,41.90121600,11,,13,,15,,8,,17,,4,,3,,1,,9,,4,,9,,10,,0.8,0.4,0.8,0.3,0.9,0.4,0.6,0.3,1.3,0.5,0.3,0.3,0.2,0.2,0.1,0.1,0.6,0.3,0.3,0.2,0.5,0.3,0.7,0.3,78.45,25.69,77.38,26.92,71.21,20.32,75.91,25.31,2.18,0.40,1.84,0.38,1.87,0.52,1.87,0.52
Community area,Austin,25,"96,753",-87.76311700,41.89411300,106,,107,,139,,141,,152,,50,,56,,70,,73,,110,,91,,100,,4.1,0.6,4.6,0.7,4.0,0.5,4.0,0.5,4.7,0.6,1.4,0.3,1.5,0.3,1.9,0.4,1.8,0.3,2.8,0.4,2.3,0.4,2.5,0.4,55.03,21.53,60.61,23.30,60.25,14.90,60.95,19.08,7.29,1.04,7.70,1.06,6.97,0.99,7.27,0.99
Community area,West Garfield Park,26,"17,423",-87.73023300,41.87860200,14,,18,,31,,35,,42,,9,,10,,9,,5,,18,,13,,19,,2.6,1.1,4.1,1.5,4.2,1.2,5.0,1.4,6.5,1.6,1.2,0.6,1.3,0.7,1.0,0.6,0.6,0.4,2.1,0.8,1.6,0.7,2.4,0.9,72.14,50.70,72.35,46.73,51.65,22.18,67.23,40.95,8.74,1.80,9.12,2.02,8.43,1.70,7.81,1.58
Community area,East Garfield Park,27,"19,995",-87.70589200,41.87892300,12,,10,,14,,19,,24,,9,,8,,5,,8,,10,,10,,8,,2.0,1.0,2.1,1.1,1.9,0.8,2.6,1.0,3.5,1.1,1.1,0.6,1.0,0.6,0.6,0.4,0.9,0.5,1.1,0.6,1.1,0.6,1.0,0.6,50.11,37.28,54.68,50.20,65.47,36.72,67.80,50.86,7.74,1.65,8.43,1.89,8.25,1.73,8.00,1.68
Community area,Near West Side,28,"67,817",-87.66351300,41.87401600,5,,8,,12,,12,,8,,9,,4,,6,,4,,7,,8,,3,,0.5,0.4,0.8,0.4,1.0,0.5,1.2,0.6,0.8,0.4,0.8,0.5,0.4,0.3,0.5,0.3,0.3,0.3,0.6,0.4,0.7,0.4,0.3,0.3,68.60,35.95,72.54,34.94,70.07,25.92,71.73,26.21,3.87,1.13,4.07,1.25,4.29,0.95,4.32,0.92
Community area,North Lawndale,29,"34,817",-87.71721800,41.86019700,28,,32,,57,,53,,72,,26,,17,,12,,20,,32,,34,,34,,2.4,0.7,3.0,0.9,3.6,0.8,3.2,0.7,4.4,0.8,1.5,0.5,0.9,0.4,0.6,0.3,1.0,0.4,1.7,0.5,1.7,0.5,1.8,0.5,53.72,29.44,60.78,36.52,56.75,20.12,53.35,26.04,7.26,1.40,7.14,1.40,7.33,1.83,7.29,1.49
Community area,Uptown,3,"52,255",-87.65589900,41.96582200,7,,3,,8,,14,,16,,2,,1,,3,,5,,5,,5,,5,,1.0,0.6,0.4,0.4,0.9,0.5,1.5,0.7,1.7,0.7,0.2,0.3,0.1,0.2,0.3,0.3,0.5,0.4,0.5,0.4,0.5,0.3,0.5,0.4,63.91,43.36,61.70,32.07,59.32,24.54,55.17,27.99,5.92,1.71,5.81,1.67,4.58,1.02,4.28,1.00
Community area,South Lawndale,30,"71,402",-87.71400000,41.83909100,59,,62,,84,,64,,114,,31,,32,,34,,44,,42,,43,,47,,2.8,0.6,2.8,0.6,2.9,0.5,2.1,0.4,3.9,0.6,0.9,0.3,0.8,0.2,0.9,0.2,1.0,0.3,1.0,0.2,0.9,0.2,0.9,0.2,36.55,21.63,40.64,23.09,49.23,10.48,52.21,13.24,3.64,1.56,3.12,1.31,2.68,1.27,2.38,1.00
Community area,Lower West Side,31,"33,716",-87.66757000,41.85027700,15,,14,,13,,13,,13,,4,,6,,4,,5,,8,,13,,11,,2.5,1.0,2.4,1.0,1.6,0.7,1.6,0.7,1.5,0.7,0.4,0.3,0.5,0.3,0.3,0.2,0.3,0.2,0.5,0.3,0.7,0.3,0.7,0.3,56.15,37.22,64.58,48.07,60.18,25.62,62.78,28.58,3.93,1.11,4.36,1.09,3.64,1.21,3.64,1.11
Community area,Loop,32,"39,135",-87.62519400,41.87888100,2,,2,,5,,1,,3,,0,,2,,1,,3,,1,,1,,0,,0.7,0.8,0.5,0.6,1.2,0.9,0.3,0.5,0.9,0.8,0.0,,0.6,0.7,0.3,0.5,1.0,0.9,0.4,0.7,0.4,0.7,0.0,,95.73,103.94,93.59,115.10,84.80,89.89,81.65,100.19,2.19,0.97,2.47,1.03,3.05,1.03,2.76,0.97
Community area,Near South Side,33,"27,044",-87.62034400,41.85719600,1,,0,,0,,2,,0,,1,,1,,0,,0,,0,,1,,1,,0.2,0.4,0.0,,0.0,,0.5,0.6,0.0,,0.2,0.4,0.2,0.4,0.0,,0.0,,0.0,,0.2,0.4,0.3,0.5,71.79,81.71,93.70,120.58,53.67,20.92,68.34,33.65,2.14,1.58,1.75,1.43,1.27,1.07,1.76,1.12
Community area,Armour Square,34,"13,847",-87.63397600,41.84208300,2,,0,,1,,2,,5,,2,,1,,0,,0,,1,,0,,0,,0.7,0.8,0.0,,0.2,0.4,0.5,0.6,1.2,0.9,0.5,0.6,0.3,0.4,0.0,,0.0,,0.3,0.5,0.0,,0.0,,65.64,55.68,72.33,53.65,52.44,32.29,55.57,39.84,5.48,2.56,4.99,2.36,5.13,2.00,4.64,1.75
Community area,Douglas,35,"17,630",-87.61868000,41.83512200,2,,3,,2,,3,,3,,0,,0,,1,,2,,3,,0,,0,,0.5,0.6,0.9,0.9,0.4,0.5,0.6,0.6,0.7,0.6,0.0,,0.0,,0.2,0.4,0.4,0.5,0.7,0.6,0.0,,0.0,,55.59,63.60,77.91,67.53,62.33,24.82,50.35,29.19,7.75,2.35,7.48,2.10,5.89,1.36,5.25,1.27
Community area,Oakland,36,"4,280",-87.60321700,41.82375400,0,,1,,0,,1,,2,,1,,1,,0,,0,,0,,0,,1,,0.0,,0.7,1.1,0.0,,0.5,0.8,0.9,1.1,0.4,0.7,0.4,0.7,0.0,,0.0,,0.0,,0.0,,0.4,0.7,95.49,87.44,97.15,92.29,96.35,85.02,89.22,62.71,6.79,2.32,7.31,2.81,7.17,2.48,6.84,2.34
Community area,Fuller Park,37,"2,549",-87.63242700,41.80908200,3,,1,,11,,6,,6,,2,,0,,2,,3,,7,,3,,1,,6.4,5.9,2.6,4.2,12.0,5.6,6.5,4.2,7.0,4.5,2.3,2.6,0.0,,1.8,2.1,2.6,2.4,6.9,4.2,3.0,2.8,1.3,2.1,36.60,151.47,98.39,151.45,96.63,142.51,96.62,143.79,10.69,4.95,10.98,4.74,13.05,5.67,9.63,4.13
Community area,Grand Boulevard,38,"24,586",-87.61786000,41.81294700,9,,4,,6,,13,,15,,4,,5,,6,,10,,14,,11,,17,,1.6,0.8,0.7,0.6,0.8,0.5,1.8,0.8,2.6,1.1,0.6,0.5,0.6,0.5,0.7,0.5,1.1,0.6,1.4,0.6,1.1,0.6,2.1,0.8,66.50,40.53,74.06,41.40,58.47,33.63,67.65,32.33,6.35,1.49,6.50,1.49,7.23,1.59,6.19,1.41
Community area,Kenwood,39,"14,716",-87.59618600,41.80891800,2,,2,,2,,7,,4,,0,,0,,0,,0,,0,,2,,1,,0.6,0.7,0.6,0.7,0.5,0.5,1.8,1.1,1.3,1.1,0.0,,0.0,,0.0,,0.0,,0.0,,0.5,0.5,0.3,0.4,74.60,44.50,72.84,37.35,48.76,29.12,53.80,26.18,5.02,1.83,5.29,1.81,3.83,1.15,3.59,1.12
Community area,Lincoln Square,4,"40,412",-87.68751300,41.97518200,10,,4,,8,,9,,6,,3,,2,,4,,8,,9,,3,,7,,1.7,0.9,0.7,0.5,1.0,0.6,1.2,0.7,0.8,0.5,0.4,0.4,0.2,0.3,0.5,0.4,1.0,0.6,1.2,0.7,0.4,0.4,1.0,0.6,69.95,37.28,64.61,22.03,67.17,20.74,69.97,19.67,2.69,0.82,2.73,0.86,2.28,0.74,2.23,0.77
Community area,Washington Park,40,"12,709",-87.61793600,41.79235600,3,,6,,12,,11,,8,,3,,2,,2,,2,,7,,1,,3,,0.8,0.7,1.6,1.1,2.4,1.1,2.1,1.1,1.9,1.1,0.6,0.6,0.4,0.5,0.4,0.4,0.4,0.4,1.1,0.7,0.2,0.3,0.6,0.6,50.03,68.25,74.74,54.57,57.58,32.09,51.75,37.72,6.61,2.49,8.62,2.71,6.86,2.47,5.39,1.88
Community area,Hyde Park,41,"23,914",-87.59230500,41.79408800,3,,4,,6,,5,,2,,0,,1,,1,,1,,3,,0,,4,,1.0,0.9,1.2,1.0,1.4,0.9,1.2,0.9,0.8,1.0,0.0,,0.5,0.8,0.3,0.4,0.3,0.4,0.7,0.7,0.0,,1.3,1.0,51.84,53.86,48.71,53.93,75.12,45.59,77.00,48.79,3.62,0.97,3.49,1.05,3.10,1.20,2.26,0.90
Community area,Woodlawn,42,"24,630",-87.59492400,41.77887700,15,,8,,7,,20,,16,,5,,7,,12,,20,,19,,17,,10,,2.6,1.1,1.6,0.9,1.0,0.6,2.7,1.0,2.7,1.1,0.7,0.5,1.0,0.6,1.5,0.7,2.4,0.9,2.2,0.8,2.1,0.8,1.3,0.7,49.58,40.47,67.40,42.23,62.15,37.89,68.32,41.53,5.75,1.46,5.90,1.31,8.47,1.90,7.26,1.73
Community area,South Shore,43,"45,611",-87.57279000,41.76158300,49,,43,,53,,42,,53,,18,,9,,18,,9,,25,,21,,24,,3.9,0.9,3.8,0.9,3.3,0.7,2.8,0.7,3.9,0.9,1.3,0.5,0.6,0.3,1.0,0.4,0.5,0.3,1.4,0.5,1.2,0.4,1.4,0.5,63.80,37.65,55.70,27.31,71.49,19.90,61.06,19.80,5.67,1.19,5.62,1.16,5.39,1.02,5.15,0.94
Community area,Chatham,44,"31,804",-87.61596500,41.74020600,19,,15,,32,,27,,22,,3,,6,,11,,4,,9,,4,,6,,3.0,1.1,2.9,1.2,3.8,1.1,3.4,1.1,3.1,1.1,0.4,0.4,0.8,0.5,1.3,0.6,0.4,0.4,1.0,0.6,0.5,0.4,0.7,0.5,58.35,45.64,63.73,34.04,58.14,20.49,60.73,29.01,5.79,1.77,6.15,1.83,5.32,1.63,6.69,1.56
Community area,Avalon Park,45,"9,359",-87.58634700,41.74419700,3,,4,,5,,7,,6,,3,,3,,6,,6,,2,,2,,3,,1.9,1.8,3.3,2.7,2.3,1.7,3.4,2.1,3.6,2.4,1.6,1.5,1.3,1.2,2.3,1.5,2.5,1.6,0.8,1.0,0.8,0.9,1.2,1.1,27.54,38.16,24.72,32.51,58.22,49.03,19.02,74.43,4.07,2.00,3.58,1.87,5.27,2.11,5.36,2.12
Community area,South Chicago,46,"25,975",-87.55143500,41.74124300,29,,26,,39,,42,,48,,6,,7,,10,,14,,22,,25,,25,,3.7,1.1,4.3,1.3,4.1,1.1,4.6,1.1,5.5,1.3,0.6,0.4,0.7,0.4,0.9,0.4,1.1,0.5,1.7,0.6,1.8,0.6,1.9,0.6,52.84,23.89,59.46,25.28,62.73,19.88,64.75,16.94,4.32,1.39,5.23,1.50,4.77,1.36,5.54,1.41
Community area,Burnside,47,"2,514",-87.59647000,41.72818100,0,,0,,0,,3,,0,,0,,1,,0,,2,,4,,2,,2,,0.0,,0.0,,0.0,,4.3,4.0,0.0,,0.0,,1.5,2.5,0.0,,2.9,3.4,5.7,4.6,3.0,3.4,2.4,2.8,99.96,211.56,99.96,211.54,99.81,210.01,99.81,210.54,8.58,7.36,9.67,9.59,7.92,5.03,7.32,3.99
Community area,Calumet Heights,48,"13,085",-87.57272000,41.72967300,1,,2,,3,,4,,5,,0,,3,,2,,1,,1,,1,,0,,0.4,0.7,1.2,1.4,1.2,1.1,1.4,1.1,2.3,1.7,0.0,,1.4,1.3,0.8,0.9,0.4,0.6,0.3,0.6,0.4,0.6,0.0,,81.66,52.48,92.57,109.70,78.54,66.13,73.80,54.25,3.77,1.40,3.86,1.34,4.63,1.68,5.56,2.24
Community area,Roseland,49,"38,934",-87.62336600,41.70658800,17,,21,,42,,57,,52,,12,,20,,11,,18,,27,,26,,34,,2.1,0.8,3.1,1.1,4.0,1.0,4.7,1.0,5.6,1.2,1.3,0.6,1.9,0.7,1.1,0.5,1.6,0.6,2.1,0.7,2.2,0.7,2.8,0.8,44.24,37.30,47.72,29.65,58.21,22.60,60.59,27.55,6.96,1.35,6.05,1.25,5.07,0.92,5.54,1.00
Community area,North Center,5,"35,150",-87.68383900,41.94781100,0,,2,,2,,3,,4,,1,,1,,1,,1,,3,,5,,6,,0.0,,0.3,0.4,0.3,0.3,0.5,0.5,0.6,0.5,0.2,0.3,0.1,0.2,0.2,0.3,0.2,0.3,0.5,0.5,0.9,0.7,1.2,0.8,75.36,17.44,76.57,17.70,77.49,12.01,78.03,11.45,2.32,0.71,1.97,0.61,2.30,0.79,2.12,0.65
Community area,Pullman,50,"6,866",-87.59825200,41.70613100,5,,5,,9,,2,,4,,1,,1,,2,,1,,2,,9,,5,,3.6,2.6,4.6,3.3,5.9,3.1,1.3,1.6,2.8,2.3,0.7,1.1,0.5,0.8,1.1,1.2,0.5,0.8,0.9,1.1,4.0,2.1,2.3,1.7,80.42,112.20,81.79,110.93,62.27,46.57,65.99,46.27,5.36,2.67,5.67,2.65,5.95,2.35,5.51,2.46
Community area,South Deering,51,"14,125",-87.57005800,41.69063900,7,,4,,7,,6,,10,,2,,2,,3,,1,,1,,1,,4,,2.0,1.3,1.4,1.2,1.8,1.1,1.4,0.9,2.5,1.3,0.5,0.6,0.4,0.5,0.6,0.6,0.2,0.3,0.2,0.3,0.2,0.3,0.8,0.7,81.45,27.39,90.99,87.42,75.07,27.27,87.72,70.28,5.33,3.00,4.27,2.86,3.01,1.98,3.42,1.92
Community area,East Side,52,"21,529",-87.53490700,41.70730600,9,,10,,7,,12,,18,,2,,6,,3,,3,,8,,9,,7,,1.6,0.9,2.3,1.2,1.1,0.7,1.9,0.9,3.0,1.2,0.3,0.4,0.9,0.6,0.4,0.4,0.4,0.4,1.0,0.6,1.0,0.6,0.8,0.5,44.69,17.95,50.64,19.60,52.76,22.19,59.55,21.12,2.43,0.84,2.36,0.87,3.42,1.21,3.25,1.15
Community area,West Pullman,53,"25,788",-87.63574500,41.67382000,20,,14,,30,,34,,32,,2,,10,,11,,11,,8,,11,,23,,3.6,1.3,3.0,1.3,4.1,1.2,4.7,1.3,5.0,1.4,0.3,0.3,1.2,0.6,1.4,0.7,1.3,0.6,0.8,0.5,1.1,0.6,2.3,0.8,56.22,44.97,57.28,29.49,54.38,22.31,53.97,17.96,5.11,1.25,5.06,1.20,5.15,1.21,4.43,0.98
Community area,Riverdale,54,"7,229",-87.60284900,41.66013700,2,,1,,2,,2,,1,,0,,0,,0,,0,,0,,0,,0,,0.6,0.7,0.4,0.7,0.5,0.6,0.7,0.8,0.7,1.1,0.0,,0.0,,0.0,,0.0,,0.0,,0.0,,0.0,,53.54,29.30,59.38,38.30,70.31,34.81,67.84,36.42,3.35,2.33,3.63,2.66,3.21,1.83,3.33,1.91
Community area,Hegewisch,55,"9,884",-87.55680300,41.66818800,0,,0,,3,,2,,2,,1,,2,,1,,1,,1,,2,,0,,0.0,,0.0,,1.6,1.5,1.0,1.1,1.1,1.3,0.5,0.9,1.0,1.2,0.5,0.9,0.6,0.9,0.5,0.9,0.9,1.1,0.0,,21.45,37.93,29.23,27.11,14.75,47.13,32.16,36.65,2.40,1.55,2.20,1.40,1.88,1.45,1.91,1.33
Community area,Garfield Ridge,56,"35,352",-87.76424600,41.79618500,3,,1,,4,,7,,9,,1,,3,,1,,2,,5,,1,,0,,0.5,0.5,0.2,0.3,0.6,0.5,1.0,0.6,1.2,0.7,0.1,0.2,0.4,0.4,0.1,0.2,0.2,0.3,0.6,0.4,0.1,0.2,0.0,,43.88,24.83,46.88,17.31,48.34,17.94,43.46,17.03,2.42,0.81,2.90,0.89,2.83,0.75,2.62,0.74
Community area,Archer Heights,57,"14,282",-87.72636500,41.81087300,7,,4,,6,,5,,8,,1,,4,,4,,1,,5,,4,,9,,1.7,1.0,1.0,0.8,1.1,0.8,1.0,0.7,1.6,0.9,0.2,0.3,0.7,0.6,0.7,0.5,0.1,0.2,0.7,0.5,0.6,0.5,1.4,0.8,15.99,34.57,32.10,33.45,41.21,21.74,34.07,22.33,1.45,0.80,1.50,0.85,2.06,1.22,1.92,1.31
Community area,Brighton Park,58,"45,141",-87.69885900,41.81736400,29,,33,,18,,31,,49,,8,,15,,16,,22,,38,,31,,39,,2.1,0.6,2.4,0.7,1.0,0.4,1.7,0.5,2.8,0.6,0.4,0.2,0.7,0.3,0.7,0.3,0.9,0.3,1.3,0.4,1.0,0.3,1.4,0.4,29.83,14.83,29.12,17.60,45.12,13.30,39.63,14.35,2.28,0.68,1.52,0.52,1.64,0.52,1.53,0.48
Community area,McKinley Park,59,"15,927",-87.67250000,41.82992700,2,,6,,5,,4,,8,,2,,1,,1,,9,,8,,5,,9,,0.6,0.7,1.8,1.2,1.2,0.9,0.9,0.7,1.9,1.1,0.3,0.4,0.2,0.3,0.2,0.3,1.4,0.7,1.2,0.7,0.7,0.5,1.4,0.8,48.11,56.80,57.24,55.41,38.98,22.54,56.16,23.64,3.98,1.23,3.73,1.15,4.44,1.29,4.07,1.29
Community area,Lake View,6,"91,836",-87.65600100,41.94423600,2,,2,,2,,8,,11,,3,,2,,2,,2,,2,,4,,2,,0.2,0.2,0.2,0.2,0.2,0.2,0.7,0.4,1.0,0.5,0.3,0.3,0.2,0.2,0.2,0.2,0.2,0.3,0.2,0.3,0.5,0.4,0.3,0.3,72.29,20.98,73.48,25.19,73.90,18.98,77.28,21.74,1.84,0.45,1.73,0.43,2.04,0.46,1.90,0.41
Community area,Bridgeport,60,"33,593",-87.64878400,41.83615100,2,,5,,3,,2,,6,,2,,1,,1,,0,,4,,6,,3,,0.3,0.4,0.8,0.6,0.4,0.4,0.3,0.3,0.8,0.5,0.3,0.3,0.1,0.2,0.1,0.2,0.0,,0.5,0.4,0.7,0.5,0.4,0.4,57.22,20.19,57.32,18.89,68.94,23.44,68.18,20.91,3.28,1.08,3.13,1.14,2.52,0.73,2.85,0.77
Community area,New City,61,"43,510",-87.65917100,41.80901700,51,,50,,52,,58,,73,,17,,19,,22,,28,,43,,22,,18,,3.8,0.9,4.2,1.0,3.0,0.7,3.4,0.7,4.5,0.8,0.9,0.3,1.0,0.4,1.1,0.4,1.2,0.4,1.6,0.4,0.8,0.3,0.7,0.3,58.81,17.81,49.41,17.85,34.82,11.99,42.47,13.12,3.58,0.89,3.72,0.86,4.34,1.25,4.42,1.16
Community area,West Elsdon,62,"18,249",-87.72421300,41.79297700,9,,2,,8,,5,,3,,0,,3,,3,,2,,2,,2,,6,,1.7,0.9,0.4,0.5,1.3,0.8,0.8,0.6,0.5,0.4,0.0,,0.4,0.4,0.4,0.4,0.2,0.3,0.2,0.3,0.2,0.3,0.8,0.5,20.93,18.80,21.27,23.95,30.28,22.08,27.17,18.92,3.15,1.38,2.48,1.07,2.90,1.66,3.06,1.53
Community area,Gage Park,63,"39,439",-87.69643300,41.79542900,30,,26,,34,,42,,35,,13,,13,,12,,15,,23,,23,,17,,2.2,0.7,2.2,0.7,2.1,0.6,2.5,0.6,2.0,0.6,0.7,0.3,0.7,0.3,0.6,0.3,0.6,0.3,0.9,0.3,0.9,0.3,0.7,0.3,24.15,18.22,32.70,16.10,34.87,13.88,36.55,14.48,4.29,1.83,4.03,1.61,2.62,0.81,2.28,0.69
Community area,Clearing,64,"24,519",-87.76851700,41.77958200,2,,1,,2,,3,,3,,1,,2,,2,,4,,0,,2,,2,,0.5,0.6,0.3,0.4,0.5,0.5,0.7,0.6,0.7,0.7,0.2,0.3,0.4,0.5,0.4,0.5,0.8,0.6,0.0,,0.4,0.4,0.4,0.5,42.25,23.45,56.44,20.65,45.08,22.06,53.33,20.92,3.03,0.96,2.64,0.83,3.33,1.04,3.29,1.04
Community area,West Lawn,65,"33,543",-87.72692700,41.76977400,14,,7,,11,,20,,13,,7,,6,,6,,7,,6,,5,,5,,1.5,0.7,0.8,0.5,1.1,0.5,1.7,0.6,1.1,0.5,0.5,0.3,0.4,0.3,0.4,0.3,0.4,0.3,0.4,0.3,0.3,0.2,0.3,0.3,9.73,13.04,8.12,15.25,36.63,15.74,24.54,13.34,3.34,0.97,2.93,0.97,3.73,1.21,3.16,1.18
Community area,Chicago Lawn,66,"55,789",-87.69566700,41.77184900,36,,42,,67,,76,,80,,20,,19,,27,,31,,29,,38,,49,,1.9,0.5,2.6,0.6,2.9,0.6,3.3,0.6,3.7,0.7,0.8,0.3,0.7,0.3,1.0,0.3,1.1,0.3,1.0,0.3,1.3,0.3,1.7,0.4,34.10,16.22,39.96,15.77,45.36,12.34,50.30,12.90,4.83,1.26,4.55,1.10,4.10,0.98,4.32,0.98
Community area,West Englewood,67,"29,899",-87.66659800,41.77592600,55,,53,,75,,82,,72,,19,,25,,26,,20,,35,,41,,42,,5.4,1.2,6.0,1.3,5.5,1.0,6.4,1.1,7.0,1.3,1.5,0.6,1.7,0.6,1.7,0.6,1.3,0.5,2.4,0.7,3.0,0.8,2.9,0.7,45.18,33.76,49.50,36.10,45.80,20.90,41.23,19.28,7.72,1.48,7.26,1.74,5.75,1.00,6.03,1.03
Community area,Englewood,68,"24,322",-87.64250200,41.77720100,40,,35,,71,,65,,53,,20,,22,,27,,21,,40,,34,,35,,5.0,1.3,4.8,1.3,6.2,1.2,6.2,1.2,6.2,1.4,2.0,0.7,1.8,0.6,2.0,0.6,1.6,0.6,3.1,0.8,3.1,0.9,2.7,0.7,65.11,33.65,37.61,30.35,42.52,17.88,39.83,22.23,8.01,1.90,8.14,2.13,7.84,1.77,7.78,1.86
Community area,Greater Grand Crossing,69,"31,543",-87.61613900,41.76325100,34,,23,,35,,51,,47,,12,,14,,18,,18,,29,,29,,35,,4.2,1.1,3.3,1.1,3.1,0.8,4.3,1.0,4.9,1.1,1.1,0.5,1.1,0.5,1.4,0.6,1.3,0.5,2.1,0.6,2.3,0.7,2.8,0.8,50.99,33.92,68.06,32.98,64.88,23.31,78.32,25.19,6.40,1.41,6.82,1.25,6.43,1.33,5.15,1.01
Community area,Lincoln Park,7,"63,433",-87.64949100,41.92269600,1,,0,,1,,1,,0,,0,,0,,0,,1,,1,,1,,1,,0.1,0.2,0.0,,0.1,0.2,0.1,0.2,0.0,,0.0,,0.0,,0.0,,0.1,0.2,0.2,0.3,0.2,0.3,0.2,0.3,80.98,27.75,79.79,29.40,82.19,13.61,80.68,15.74,1.54,0.49,1.41,0.44,1.67,0.46,1.56,0.43
Community area,Ashburn,70,"41,280",-87.70836300,41.74575600,10,,8,,6,,3,,6,,4,,4,,4,,6,,6,,3,,9,,1.3,0.7,1.4,0.8,0.7,0.5,0.3,0.3,0.7,0.5,0.4,0.3,0.4,0.3,0.4,0.3,0.5,0.4,0.5,0.3,0.2,0.2,0.8,0.4,37.62,24.41,41.97,28.25,56.92,19.91,45.61,16.11,4.33,1.09,3.70,1.06,2.40,0.71,2.46,0.65
Community area,Auburn Gresham,71,"44,959",-87.65630500,41.74420300,31,,29,,51,,44,,36,,13,,21,,23,,24,,22,,25,,36,,3.3,0.9,3.5,1.1,4.1,0.9,3.6,0.9,3.5,0.9,1.1,0.5,1.6,0.6,1.7,0.6,1.7,0.6,1.6,0.5,1.8,0.6,2.5,0.7,32.57,22.39,27.16,25.61,43.77,19.14,37.50,31.88,5.84,1.25,6.04,1.22,5.64,0.99,5.58,0.88
Community area,Beverly,72,"19,950",-87.67507200,41.71314800,3,,1,,2,,3,,4,,0,,0,,3,,2,,6,,4,,4,,1.4,1.3,0.5,0.8,0.9,1.1,1.2,1.1,2.0,1.6,0.0,,0.0,,1.2,1.2,0.8,0.9,2.7,1.8,1.5,1.2,1.3,1.1,74.60,40.75,72.05,35.28,77.54,22.77,78.92,23.95,3.39,2.07,3.37,2.14,2.73,0.94,2.28,0.73
Community area,Washington Heights,73,"25,075",-87.64889700,41.71749500,13,,7,,21,,24,,20,,3,,2,,4,,5,,9,,8,,15,,2.7,1.2,2.0,1.2,4.4,1.5,5.2,1.7,4.2,1.5,0.6,0.6,0.4,0.4,0.7,0.6,0.8,0.6,1.6,0.9,1.4,0.8,2.3,0.9,67.33,66.51,69.51,65.36,64.85,33.15,57.28,38.44,6.73,1.56,6.27,1.56,6.91,1.60,6.26,1.45
Community area,Mount Greenwood,74,"18,633",-87.71318900,41.69487600,2,,0,,0,,1,,0,,0,,0,,0,,0,,0,,0,,0,,1.6,1.9,0.0,,0.0,,0.4,0.7,0.0,,0.0,,0.0,,0.0,,0.0,,0.0,,0.0,,0.0,,62.37,19.13,78.40,21.95,79.20,19.92,83.99,18.57,2.99,0.97,3.03,1.02,2.63,0.90,2.68,0.92
Community area,Morgan Park,75,"21,714",-87.66906200,41.68972900,3,,4,,7,,4,,1,,2,,0,,3,,3,,6,,7,,4,,1.1,1.0,1.8,1.5,2.0,1.3,1.2,1.0,0.3,0.6,0.6,0.7,0.0,,0.8,0.7,0.7,0.7,1.3,0.9,1.6,1.0,0.9,0.7,58.28,68.65,56.87,59.42,68.42,47.54,61.55,37.67,2.65,1.10,2.89,1.22,3.48,1.27,4.57,1.30
Community area,O'Hare,76,"14,416",-87.89369900,41.97569600,3,,1,,7,,6,,4,,1,,0,,0,,0,,0,,0,,0,,1.3,1.2,0.5,0.8,2.9,1.8,2.3,1.5,1.8,1.5,0.5,0.9,0.0,,0.0,,0.0,,0.0,,0.0,,0.0,,74.30,96.44,73.99,96.36,65.81,23.57,57.01,26.48,2.65,1.17,2.18,1.13,3.31,1.72,3.73,1.67
Community area,Edgewater,77,"47,343",-87.66341900,41.98671900,4,,5,,11,,14,,15,,3,,8,,1,,6,,4,,8,,7,,0.6,0.5,0.8,0.6,1.3,0.7,1.8,0.8,1.8,0.8,0.4,0.4,0.9,0.5,0.1,0.2,0.7,0.5,0.5,0.4,1.0,0.6,0.8,0.5,62.27,27.47,66.39,28.98,66.60,19.56,62.42,24.00,4.87,0.93,5.31,0.96,5.19,1.13,5.20,1.15
Community area,Near North Side,8,"95,467",-87.63331800,41.89961100,6,,3,,5,,4,,2,,2,,4,,1,,1,,0,,0,,0,,0.8,0.5,0.3,0.3,0.5,0.3,0.4,0.4,0.2,0.3,0.2,0.3,0.4,0.4,0.1,0.2,0.1,0.2,0.0,,0.0,,0.0,,64.51,54.47,71.33,55.16,71.84,37.87,74.37,51.52,2.02,0.58,2.10,0.63,2.43,0.85,2.65,0.98
Community area,Edison Park,9,"11,521",-87.81378000,42.00762700,1,,0,,0,,0,,0,,0,,0,,0,,1,,1,,0,,0,,0.8,1.4,0.0,,0.0,,0.0,,0.0,,0.0,,0.0,,0.0,,0.9,1.5,0.8,1.3,0.0,,0.0,,57.25,15.33,59.13,18.89,66.90,22.21,70.64,20.57,1.55,1.28,1.34,0.91,1.49,0.91,1.83,0.87
